id,catalog_number,           
















































































































































































































































































































































































































































































































































































































































































































































































































































































































































































































































































































































































































































































































































































































































































































































































































































































































































































































































































































































































































































































































































































































































































































































































































































































































































































































































































































































































































































































































































































































































































































































































































































































































































































































































































































































































































































































































































































































































































































































































































































































































































































































































































































































































































































































































































































































































































































































































































































































































































































































































































































































































































































































































































































































































































































































































































































































































































































































































































































































































































































































































































































































































































































































































































































































































































































































































































































































































































































































































































































































































































































































































































































































































































































































































































































































































































































































































































































































































































































































































































































































































































































































































































































































































































































































































































































































































































































































































































































































































































































































































































































































































































































































































































































































































































































































































































































































































































































































































































































































































































































































































































































































































































































































































































































































































































































































































































































































































































































































































































































































































































































































































































































































































































































































































































































































































































































































































































































































































































































































































































































































































































































































































































































































































































































































































































































































































































































































































































































































































































































































































































































































































































































































































































































































































































































































































































































































































































































































































































































































































































































































































































































































































































































































































































































































































































































































































































































































































































































































































































































































































































































































































































































































































































































































































































































































































































































































































































































































































































































































































































































































































































































































































































































































































































































































































































































































































































































































































































































































































































































































































































































































































































































































































































































































































































































































































































































































































































































































































































































































































































































































































































































































































































































































































































































































































































































































































































































































































































































































































































































































































































































































































































































































































































































































































































































































































































































































































































































































































































































































































































































































































































































































































































































































































































































































































































































































































































































































































































































































































































































































































































































































































































































































































































































































































































































































































































































































































































































































































































































































































































































































































































































































































































































































































































































































































































































































































































































































































































































































































































































































































































































































































































































































































































































































































































































































































































































































































































































































































































































































































































































































































































































































































































































































































































































































































































































































































































































































































































































































































































































































































































































































































































































































































































































































































































































































































































































































































































































































































































































































































































































































































































































































































































































































































































































































































































































































































































































































































































































































































































































































































































































































































































































































































































































































































































































































































































































































































































































































































































































































































































































































































































































































































































































































































































































































































































































































































































































































































































































































































































































































































































































































































































































































































































































































































































































































































































































































































































































































































































































































































































































































































































































































































































































































































































































































































































































































































































































































































































































































































































































































































































































































































































































































































































































































































































































































































































































































































































































































































































































































































































































































































































































































































































































































































































































































































































































































































































































































































































































































































































































































































































































































































































































































































































































































































































































































































































































167127,T20-100-50M-LLUKFDA   
167126,T20-75-25M-LLUKFDA    
167125,T20-75-50M-LLUKFDA    
167124,T20-50-25M-LLUKFDA    
167123,T20-50-50M-LLUKFDA    
167122,T20-32-25M-LLUKFDA    
167121,T20-32-50M-LLUKFDA    
167120,T20-25-25M-LLUKFDA    
167119,T20-25-50M-LLUKFDA    
167118,T20-150-25M-LLUKNTB   
167117,T20-150-50M-LLUKNTB   
167116,T20-100-25M-LLUKNTB   
167115,T20-100-50M-LLUKNTB   
167114,T20-75-25M-LLUKNTB    
167113,T20-75-50M-LLUKNTB    
167112,T20-50-25M-LLUKNTB    
167111,T20-50-50M-LLUKNTB    
167110,T20-32-25M-LLUKNTB    
167109,T20-32-50M-LLUKNTB    
167108,T20-25-25M-LLUKNTB    
167107,T20-25-50M-LLUKNTB    
167106,T20-150-25M-LLUKNB    
167105,T20-150-50M-LLUKNB    
167104,T20-100-25M-LLUKNB    
167103,T20-100-50M-LLUKNB    
167102,T20-75-25M-LLUKNB     
167101,T20-75-50M-LLUKNB     
167100,T20-50-25M-LLUKNB     
167099,T20-50-50M-LLUKNB     
167098,T20-32-25M-LLUKNB     
167097,T20-32-50M-LLUKNB     
167096,T20-25-25M-LLUKNB     
167095,T20-25-50M-LLUKNB     
167094,T20-150-25M-LLUKNT    
167093,T20-150-50M-LLUKNT    
167092,T20-100-25M-LLUKNT    
167091,T20-100-50M-LLUKNT    
167090,T20-75-25M-LLUKNT     
167089,T20-75-50M-LLUKNT     
167088,T20-50-25M-LLUKNT     
167087,T20-50-50M-LLUKNT     
167086,T20-32-25M-LLUKNT     
167085,T20-32-50M-LLUKNT     
167084,T20-25-25M-LLUKNT     
167083,T20-25-50M-LLUKNT     
167082,T20-150-25M-LLUK      
167081,T20-150-50M-LLUK      
167080,T20-100-25M-LLUK      
167079,T20-100-50M-LLUK      
167078,T20-75-25M-LLUK       
167077,T20-75-50M-LLUK       
167076,T20-50-25M-LLUK       
167075,T20-50-50M-LLUK       
167074,T20-32-25M-LLUK       
167073,T20-32-50M-LLUK       
167072,T20-25-25M-LLUK       
167071,T20-25-50M-LLUK       
167010,T20-150-25M-LLUSFDA   
167009,T20-150-50M-LLUSFDA   
167008,T20-100-25M-LLUSFDA   
167007,T20-100-50M-LLUSFDA   
167006,T20-75-25M-LLUSFDA    
167005,T20-75-50M-LLUSFDA    
167004,T20-50-25M-LLUSFDA    
167003,T20-50-50M-LLUSFDA    
167002,T20-32-25M-LLUSFDA    
167001,T20-32-50M-LLUSFDA    
167000,T20-25-25M-LLUSFDA    
166999,T20-25-50M-LLUSFDA    
166998,T20-150-25M-LLUSNTB   
166997,T20-150-50M-LLUSNTB   
166996,T20-100-25M-LLUSNTB   
166995,T20-100-50M-LLUSNTB   
166994,T20-75-25M-LLUSNTB    
166993,T20-75-50M-LLUSNTB    
166992,T20-50-25M-LLUSNTB    
166991,T20-50-50M-LLUSNTB    
166990,T20-32-25M-LLUSNTB    
166989,T20-32-50M-LLUSNTB    
166988,T20-25-25M-LLUSNTB    
166987,T20-25-50M-LLUSNTB    
166986,T20-150-25M-LLUSNB    
166985,T20-150-50M-LLUSNB    
166984,T20-100-25M-LLUSNB    
166983,T20-100-50M-LLUSNB    
166982,T20-75-25M-LLUSNB     
166981,T20-75-50M-LLUSNB     
166980,T20-50-25M-LLUSNB     
166979,T20-50-50M-LLUSNB     
166978,T20-32-25M-LLUSNB     
166977,T20-32-50M-LLUSNB     
166976,T20-25-25M-LLUSNB     
166975,T20-25-50M-LLUSNB     
166974,T20-150-25M-LLUSNT    
166973,T20-150-50M-LLUSNT    
166972,T20-100-25M-LLUSNT    
166971,T20-100-50M-LLUSNT    
166970,T20-75-25M-LLUSNT     
166969,T20-75-50M-LLUSNT     
166968,T20-50-25M-LLUSNT     
166967,T20-50-50M-LLUSNT     
166966,T20-32-25M-LLUSNT     
166965,T20-32-50M-LLUSNT     
166964,T20-25-25M-LLUSNT     
166963,T20-25-50M-LLUSNT     
166962,T20-150-25M-LLUS      
166961,T20-150-50M-LLUS      
166960,T20-100-25M-LLUS      
166959,T20-100-50M-LLUS      
166958,T20-75-25M-LLUS       
166957,T20-75-50M-LLUS       
166956,T20-50-25M-LLUS       
166955,T20-50-50M-LLUS       
166954,T20-32-25M-LLUS       
166953,T20-32-50M-LLUS       
166952,T20-25-25M-LLUS       
166951,T20-25-50M-LLUS       
166950,T10-150-50M-LLUFCFDA  
166949,T10-150-100M-LLUFCFDA 
166948,T10-100-50M-LLUFCFDA  
166947,T10-100-100M-LLUFCFDA 
166946,T10-75-50M-LLUFCFDA   
166945,T10-75-100M-LLUFCFDA  
166944,T10-50-50M-LLUFCFDA   
166943,T10-50-100M-LLUFCFDA  
166942,T10-32-50M-LLUFCFDA   
166941,T10-32-100M-LLUFCFDA  
166940,T10-25-50M-LLUFCFDA   
166939,T10-25-100M-LLUFCFDA  
166938,T10-20-50M-LLUFCFDA   
166937,T10-20-100M-LLUFCFDA  
166936,T10-150-30M-LLUFCNTB  
166935,T10-150-60M-LLUFCNTB  
166934,T10-100-30M-LLUFCNTB  
166933,T10-100-60M-LLUFCNTB  
166932,T10-75-30M-LLUFCNTB   
166931,T10-75-60M-LLUFCNTB   
166930,T10-50-30M-LLUFCNTB   
166929,T10-50-60M-LLUFCNTB   
166928,T10-32-30M-LLUFCNTB   
166927,T10-32-60M-LLUFCNTB   
166926,T10-25-30M-LLUFCNTB   
166925,T10-25-60M-LLUFCNTB   
166924,T10-20-30M-LLUFCNTB   
166923,T10-20-60M-LLUFCNTB   
166922,T10-150-30M-LLUFCNB   
166921,T10-150-60M-LLUFCNB   
166920,T10-100-30M-LLUFCNB   
166919,T10-100-60M-LLUFCNB   
166918,T10-75-30M-LLUFCNB    
166917,T10-75-60M-LLUFCNB    
166916,T10-50-30M-LLUFCNB    
166915,T10-50-60M-LLUFCNB    
166914,T10-32-30M-LLUFCNB    
166913,T10-32-60M-LLUFCNB    
166912,T10-25-30M-LLUFCNB    
166911,T10-25-60M-LLUFCNB    
166910,T10-20-30M-LLUFCNB    
166909,T10-20-60M-LLUFCNB    
166908,T10-150-30M-LLUFCNT   
166907,T10-150-60M-LLUFCNT   
166906,T10-100-30M-LLUFCNT   
166905,T10-100-60M-LLUFCNT   
166904,T10-75-30M-LLUFCNT    
166903,T10-75-60M-LLUFCNT    
166902,T10-50-30M-LLUFCNT    
166901,T10-50-60M-LLUFCNT    
166900,T10-32-30M-LLUFCNT    
166899,T10-32-60M-LLUFCNT    
166898,T10-25-30M-LLUFCNT    
166897,T10-25-60M-LLUFCNT    
166896,T10-20-30M-LLUFCNT    
166895,T10-20-60M-LLUFCNT    
166894,T10-150-50M-LLUFC     
166893,T10-150-100M-LLUFC    
166892,T10-100-50M-LLUFC     
166891,T10-100-100M-LLUFC    
166890,T10-75-50M-LLUFC      
166889,T10-75-100M-LLUFC     
166888,T10-50-50M-LLUFC      
166887,T10-50-100M-LLUFC     
166886,T10-32-50M-LLUFC      
166885,T10-32-100M-LLUFC     
166884,T10-25-50M-LLUFC      
166883,T10-25-100M-LLUFC     
166882,T10-20-50M-LLUFC      
166881,T10-20-100M-LLUFC     
166880,T10-150-50M-LLUKHBFDA 
166879,T10-150-100M-LLUKHBFD 
166878,T10-100-50M-LLUKHBFDA 
166877,T10-100-100M-LLUKHBFD 
166876,T10-75-50M-LLUKHBFDA  
166875,T10-75-100M-LLUKHBFDA 
166874,T10-50-50M-LLUKHBFDA  
166873,T10-50-100M-LLUKHBFDA 
166872,T10-32-50M-LLUKHBFDA  
166871,T10-32-100M-LLUKHBFDA 
166870,T10-25-50M-LLUKHBFDA  
166869,T10-25-100M-LLUKHBFDA 
166868,T10-20-50M-LLUKHBFDA  
166867,T10-20-100M-LLUKHBFDA 
166866,T10-150-30M-LLUKHBNTB 
166865,T10-150-60M-LLUKHBNTB 
166864,T10-100-30M-LLUKHBNTB 
166863,T10-100-60M-LLUKHBNTB 
166862,T10-75-30M-LLUKHBNTB  
166861,T10-75-60M-LLUKHBNTB  
166860,T10-50-30M-LLUKHBNTB  
166859,T10-50-60M-LLUKHBNTB  
166858,T10-32-30M-LLUKHBNTB  
166857,T10-32-60M-LLUKHBNTB  
166856,T10-25-30M-LLUKHBNTB  
166855,T10-25-60M-LLUKHBNTB  
166854,T10-20-30M-LLUKHBNTB  
166853,T10-20-60M-LLUKHBNTB  
166852,T10-150-30M-LLUKHBNB  
166851,T10-150-60M-LLUKHBNB  
166850,T10-100-30M-LLUKHBNB  
166849,T10-100-60M-LLUKHBNB  
166848,T10-75-30M-LLUKHBNB   
166847,T10-75-60M-LLUKHBNB   
166846,T10-50-30M-LLUKHBNB   
166845,T10-50-60M-LLUKHBNB   
166844,T10-32-30M-LLUKHBNB   
166843,T10-32-60M-LLUKHBNB   
166842,T10-25-30M-LLUKHBNB   
166841,T10-25-60M-LLUKHBNB   
166840,T10-20-30M-LLUKHBNB   
166839,T10-20-60M-LLUKHBNB   
166838,T10-150-30M-LLUKHBNT  
166837,T10-150-60M-LLUKHBNT  
166836,T10-100-30M-LLUKHBNT  
166835,T10-100-60M-LLUKHBNT  
166834,T10-75-30M-LLUKHBNT   
166833,T10-75-60M-LLUKHBNT   
166832,T10-50-30M-LLUKHBNT   
166831,T10-50-60M-LLUKHBNT   
166830,T10-32-30M-LLUKHBNT   
166829,T10-32-60M-LLUKHBNT   
166828,T10-25-30M-LLUKHBNT   
166827,T10-25-60M-LLUKHBNT   
166826,T10-20-30M-LLUKHBNT   
166825,T10-20-60M-LLUKHBNT   
166824,T10-150-50M-LLUKHB    
166823,T10-150-100M-LLUKHB   
166822,T10-100-50M-LLUKHB    
166821,T10-100-100M-LLUKHB   
166820,T10-75-50M-LLUKHB     
166819,T10-75-100M-LLUKHB    
166818,T10-50-50M-LLUKHB     
166817,T10-50-100M-LLUKHB    
166816,T10-32-50M-LLUKHB     
166815,T10-32-100M-LLUKHB    
166814,T10-25-50M-LLUKHB     
166813,T10-25-100M-LLUKHB    
166812,T10-20-50M-LLUKHB     
166811,T10-20-100M-LLUKHB    
166810,T10-150-50M-LLUKFDA   
166809,T10-150-100M-LLUKFDA  
166808,T10-100-50M-LLUKFDA   
166807,T10-100-100M-LLUKFDA  
166806,T10-75-50M-LLUKFDA    
166805,T10-75-100M-LLUKFDA   
166804,T10-50-50M-LLUKFDA    
166803,T10-50-100M-LLUKFDA   
166802,T10-32-50M-LLUKFDA    
166801,T10-32-100M-LLUKFDA   
166800,T10-25-50M-LLUKFDA    
166799,T10-25-100M-LLUKFDA   
166798,T10-20-50M-LLUKFDA    
166797,T10-20-100M-LLUKFDA   
166796,T10-150-30M-LLUKNTB   
166795,T10-150-60M-LLUKNTB   
166794,T10-100-30M-LLUKNTB   
166793,T10-100-60M-LLUKNTB   
166792,T10-75-30M-LLUKNTB    
166791,T10-75-60M-LLUKNTB    
166790,T10-50-30M-LLUKNTB    
166789,T10-50-60M-LLUKNTB    
166788,T10-32-30M-LLUKNTB    
166787,T10-32-60M-LLUKNTB    
166786,T10-25-30M-LLUKNTB    
166785,T10-25-60M-LLUKNTB    
166784,T10-20-30M-LLUKNTB    
166783,T10-20-60M-LLUKNTB    
166782,T10-150-30M-LLUKNB    
166781,T10-150-60M-LLUKNB    
166780,T10-100-30M-LLUKNB    
166779,T10-100-60M-LLUKNB    
166778,T10-75-30M-LLUKNB     
166777,T10-75-60M-LLUKNB     
166776,T10-50-30M-LLUKNB     
166775,T10-50-60M-LLUKNB     
166774,T10-32-30M-LLUKNB     
166773,T10-32-60M-LLUKNB     
166772,T10-25-30M-LLUKNB     
166771,T10-25-60M-LLUKNB     
166770,T10-20-30M-LLUKNB     
166769,T10-20-60M-LLUKNB     
166768,T10-150-30M-LLUKNT    
166767,T10-150-60M-LLUKNT    
166766,T10-100-30M-LLUKNT    
166765,T10-100-60M-LLUKNT    
166764,T10-75-30M-LLUKNT     
166763,T10-75-60M-LLUKNT     
166762,T10-50-30M-LLUKNT     
166761,T10-50-60M-LLUKNT     
166760,T10-32-30M-LLUKNT     
166759,T10-32-60M-LLUKNT     
166758,T10-25-30M-LLUKNT     
166757,T10-25-60M-LLUKNT     
166756,T10-20-30M-LLUKNT     
166755,T10-20-60M-LLUKNT     
166754,T10-150-50M-LLUK      
166753,T10-150-100M-LLUK     
166752,T10-100-50M-LLUK      
166751,T10-100-100M-LLUK     
166750,T10-75-50M-LLUK       
166749,T10-75-100M-LLUK      
166748,T10-50-50M-LLUK       
166747,T10-50-100M-LLUK      
166746,T10-32-50M-LLUK       
166745,T10-32-100M-LLUK      
166744,T10-25-50M-LLUK       
166743,T10-25-100M-LLUK      
166742,T10-20-50M-LLUK       
166741,T10-20-100M-LLUK      
166740,T10-150-50M-LLUSHBFDA 
166739,T10-150-100M-LLUSHBFD 
166738,T10-100-50M-LLUSHBFDA 
166737,T10-100-100M-LLUSHBFD 
166736,T10-75-50M-LLUSHBFDA  
166735,T10-75-100M-LLUSHBFDA 
166734,T10-50-50M-LLUSHBFDA  
166733,T10-50-100M-LLUSHBFDA 
166732,T10-32-50M-LLUSHBFDA  
166731,T10-32-100M-LLUSHBFDA 
166730,T10-25-50M-LLUSHBFDA  
166729,T10-25-100M-LLUSHBFDA 
166728,T10-20-50M-LLUSHBFDA  
166727,T10-20-100M-LLUSHBFDA 
166726,T10-150-30M-LLUSHBNTB 
166725,T10-150-60M-LLUSHBNTB 
166724,T10-100-30M-LLUSHBNTB 
166723,T10-100-60M-LLUSHBNTB 
166722,T10-75-30M-LLUSHBNTB  
166721,T10-75-60M-LLUSHBNTB  
166720,T10-50-30M-LLUSHBNTB  
166719,T10-50-60M-LLUSHBNTB  
166718,T10-32-30M-LLUSHBNTB  
166717,T10-32-60M-LLUSHBNTB  
166716,T10-25-30M-LLUSHBNTB  
166715,T10-25-60M-LLUSHBNTB  
166714,T10-20-30M-LLUSHBNTB  
166713,T10-20-60M-LLUSHBNTB  
166712,T10-150-30M-LLUSHBNB  
166711,T10-150-60M-LLUSHBNB  
166710,T10-100-30M-LLUSHBNB  
166709,T10-100-60M-LLUSHBNB  
166708,T10-75-30M-LLUSHBNB   
166707,T10-75-60M-LLUSHBNB   
166706,T10-50-30M-LLUSHBNB   
166705,T10-50-60M-LLUSHBNB   
166704,T10-32-30M-LLUSHBNB   
166703,T10-32-60M-LLUSHBNB   
166702,T10-25-30M-LLUSHBNB   
166701,T10-25-60M-LLUSHBNB   
166700,T10-20-30M-LLUSHBNB   
166699,T10-20-60M-LLUSHBNB   
166698,T10-150-30M-LLUSHBNT  
166697,T10-150-60M-LLUSHBNT  
166696,T10-100-30M-LLUSHBNT  
166695,T10-100-60M-LLUSHBNT  
166694,T10-75-30M-LLUSHBNT   
166693,T10-75-60M-LLUSHBNT   
166692,T10-50-30M-LLUSHBNT   
166691,T10-50-60M-LLUSHBNT   
166690,T10-32-30M-LLUSHBNT   
166689,T10-32-60M-LLUSHBNT   
166688,T10-25-30M-LLUSHBNT   
166687,T10-25-60M-LLUSHBNT   
166686,T10-20-30M-LLUSHBNT   
166685,T10-20-60M-LLUSHBNT   
166684,T10-150-50M-LLUSHB    
166683,T10-150-100M-LLUSHB   
166682,T10-100-50M-LLUSHB    
166681,T10-100-100M-LLUSHB   
166680,T10-75-50M-LLUSHB     
166679,T10-75-100M-LLUSHB    
166678,T10-50-50M-LLUSHB     
166677,T10-50-100M-LLUSHB    
166676,T10-32-50M-LLUSHB     
166675,T10-32-100M-LLUSHB    
166674,T10-25-50M-LLUSHB     
166673,T10-25-100M-LLUSHB    
166672,T10-20-50M-LLUSHB     
166671,T10-20-100M-LLUSHB    
166670,T10-150-50M-LLUSFDA   
166669,T10-150-100M-LLUSFDA  
166668,T10-100-50M-LLUSFDA   
166667,T10-100-100M-LLUSFDA  
166666,T10-75-50M-LLUSFDA    
166665,T10-75-100M-LLUSFDA   
166664,T10-50-50M-LLUSFDA    
166663,T10-50-100M-LLUSFDA   
166662,T10-32-50M-LLUSFDA    
166661,T10-32-100M-LLUSFDA   
166660,T10-25-50M-LLUSFDA    
166659,T10-25-100M-LLUSFDA   
166658,T10-20-50M-LLUSFDA    
166657,T10-20-100M-LLUSFDA   
166656,T10-150-30M-LLUSNTB   
166655,T10-150-60M-LLUSNTB   
166654,T10-100-30M-LLUSNTB   
166653,T10-100-60M-LLUSNTB   
166652,T10-75-30M-LLUSNTB    
166651,T10-75-60M-LLUSNTB    
166650,T10-50-30M-LLUSNTB    
166649,T10-50-60M-LLUSNTB    
166648,T10-32-30M-LLUSNTB    
166647,T10-32-60M-LLUSNTB    
166646,T10-25-30M-LLUSNTB    
166645,T10-25-60M-LLUSNTB    
166644,T10-20-30M-LLUSNTB    
166643,T10-20-60M-LLUSNTB    
166642,T10-150-30M-LLUSNB    
166641,T10-150-60M-LLUSNB    
166640,T10-100-30M-LLUSNB    
166639,T10-100-60M-LLUSNB    
166638,T10-75-30M-LLUSNB     
166637,T10-75-60M-LLUSNB     
166636,T10-50-30M-LLUSNB     
166635,T10-50-60M-LLUSNB     
166634,T10-32-30M-LLUSNB     
166633,T10-32-60M-LLUSNB     
166632,T10-25-30M-LLUSNB     
166631,T10-25-60M-LLUSNB     
166630,T10-20-30M-LLUSNB     
166629,T10-20-60M-LLUSNB     
166628,T10-150-30M-LLUSNT    
166627,T10-150-60M-LLUSNT    
166626,T10-100-30M-LLUSNT    
166625,T10-100-60M-LLUSNT    
166624,T10-75-30M-LLUSNT     
166623,T10-75-60M-LLUSNT     
166622,T10-50-30M-LLUSNT     
166621,T10-50-60M-LLUSNT     
166620,T10-32-30M-LLUSNT     
166619,T10-32-60M-LLUSNT     
166618,T10-25-30M-LLUSNT     
166617,T10-25-60M-LLUSNT     
166616,T10-20-30M-LLUSNT     
166615,T10-20-60M-LLUSNT     
166614,T10-150-50M-LLUS      
166613,T10-150-100M-LLUS     
166612,T10-100-50M-LLUS      
166611,T10-100-100M-LLUS     
166610,T10-75-50M-LLUS       
166609,T10-75-100M-LLUS      
166608,T10-50-50M-LLUS       
166607,T10-50-100M-LLUS      
166606,T10-32-50M-LLUS       
166605,T10-32-100M-LLUS      
166604,T10-25-50M-LLUS       
166603,T10-25-100M-LLUS      
166602,T10-20-50M-LLUS       
166601,T10-20-100M-LLUS      
166600,T5-100-50M-LLUKHBFDA  
166599,T5-100-100M-LLUKHBFDA 
166598,T5-75-50M-LLUKHBFDA   
166597,T5-75-100M-LLUKHBFDA  
166596,T5-50-50M-LLUKHBFDA   
166595,T5-50-100M-LLUKHBFDA  
166594,T5-32-50M-LLUKHBFDA   
166593,T5-32-100M-LLUKHBFDA  
166592,T5-25-50M-LLUKHBFDA   
166591,T5-25-100M-LLUKHBFDA  
166590,T5-20-50M-LLUKHBFDA   
166589,T5-20-100M-LLUKHBFDA  
166588,T5-15-50M-LLUKHBFDA   
166587,T5-15-100M-LLUKHBFDA  
166586,T5-10-50M-LLUKHBFDA   
166585,T5-10-100M-LLUKHBFDA  
166584,T5-100-30M-LLUKHBNTB  
166583,T5-100-60M-LLUKHBNTB  
166582,T5-75-30M-LLUKHBNTB   
166581,T5-75-60M-LLUKHBNTB   
166580,T5-50-30M-LLUKHBNTB   
166579,T5-50-60M-LLUKHBNTB   
166578,T5-32-30M-LLUKHBNTB   
166577,T5-32-60M-LLUKHBNTB   
166576,T5-25-30M-LLUKHBNTB   
166575,T5-25-60M-LLUKHBNTB   
166574,T5-20-30M-LLUKHBNTB   
166573,T5-20-60M-LLUKHBNTB   
166572,T5-15-30M-LLUKHBNTB   
166571,T5-15-60M-LLUKHBNTB   
166570,T5-10-30M-LLUKHBNTB   
166569,T5-10-60M-LLUKHBNTB   
166568,T5-100-30M-LLUKHBNB   
166567,T5-100-60M-LLUKHBNB   
166566,T5-75-30M-LLUKHBNB    
166565,T5-75-60M-LLUKHBNB    
166564,T5-50-30M-LLUKHBNB    
166563,T5-50-60M-LLUKHBNB    
166562,T5-32-30M-LLUKHBNB    
166561,T5-32-60M-LLUKHBNB    
166560,T5-25-30M-LLUKHBNB    
166559,T5-25-60M-LLUKHBNB    
166558,T5-20-30M-LLUKHBNB    
166557,T5-20-60M-LLUKHBNB    
166556,T5-15-30M-LLUKHBNB    
166555,T5-15-60M-LLUKHBNB    
166554,T5-10-30M-LLUKHBNB    
166553,T5-10-60M-LLUKHBNB    
166552,T5-100-30M-LLUKHBNT   
166551,T5-100-60M-LLUKHBNT   
166550,T5-75-30M-LLUKHBNT    
166549,T5-75-60M-LLUKHBNT    
166548,T5-50-30M-LLUKHBNT    
166547,T5-50-60M-LLUKHBNT    
166546,T5-32-30M-LLUKHBNT    
166545,T5-32-60M-LLUKHBNT    
166544,T5-25-30M-LLUKHBNT    
166543,T5-25-60M-LLUKHBNT    
166542,T5-20-30M-LLUKHBNT    
166541,T5-20-60M-LLUKHBNT    
166540,T5-15-30M-LLUKHBNT    
166539,T5-15-60M-LLUKHBNT    
166538,T5-10-30M-LLUKHBNT    
166537,T5-10-60M-LLUKHBNT    
166536,T5-100-50M-LLUKHB     
166535,T5-100-100M-LLUKHB    
166534,T5-75-50M-LLUKHB      
166533,T5-75-100M-LLUKHB     
166532,T5-50-50M-LLUKHB      
166531,T5-50-100M-LLUKHB     
166530,T5-32-50M-LLUKHB      
166529,T5-32-100M-LLUKHB     
166528,T5-25-50M-LLUKHB      
166527,T5-25-100M-LLUKHB     
166526,T5-20-50M-LLUKHB      
166525,T5-20-100M-LLUKHB     
166524,T5-15-50M-LLUKHB      
166523,T5-15-100M-LLUKHB     
166522,T5-10-50M-LLUKHB      
166521,T5-10-100M-LLUKHB     
166520,T5-100-50M-LLUKFDA    
166519,T5-100-100M-LLUKFDA   
166518,T5-75-50M-LLUKFDA     
166517,T5-75-100M-LLUKFDA    
166516,T5-50-50M-LLUKFDA     
166515,T5-50-100M-LLUKFDA    
166514,T5-32-50M-LLUKFDA     
166513,T5-32-100M-LLUKFDA    
166258,9314-2014             
166249,9308-0004             
166246,9308-0033             
166244,9308-0084             
166232,9396-0025             
166176,9246-3522             
166038,9246-3316             
165959,TP300H100             
165790,9246-2114             
165768,9246-8339             
165690,9246-1330             
165353,9232-0061             
165352,9232-0057             
165349,9232-0045             
165320,9257-5301             
165249,9257-8554             
165065,9257-3314             
165055,9257-3304             
164990,9257-3211             
164853,9257-7241             
164848,9257-7236             
164839,9257-2224             
164792,9257-2123             
164739,9257-8316             
164725,9257-8302             
164706,9257-1383             
164632,9257-1309             
164627,9257-1304             
164396,9257-0310             
164239,9257-0129             
164114,9293-2823             
164077,9293-0579             
164059,9293-2746             
164018,9293-2705             
164004,9293-0553             
163992,9293-0541             
163813,9293-2406             
163624,9293-0346             
163586,9293-2061             
163574,9293-2049             
163485,9293-0304             
163484,9293-0303             
163442,9207-0188             
163395,4326-14MGT-55         
163367,9207-0140             
163337,9207-0052             
163296,9207-0023             
163292,9207-0007             
163223,9207-0001             
163169,9390-8090             
163157,9390-7260             
163136,9390-7075             
163050,9390-4350             
163021,9390-4094             
162969,9390-3085             
162918,9390-2108             
162855,9390-1096             
162583,9258-0125             
162528,5MGT-535-25           
162524,9270-5450             
162414,9275-5180             
162406,9275-5125             
162404,9275-5112             
162403,9275-5100             
162381,9275-4140             
162379,9275-4125             
162350,9275-3150             
162322,9275-2160             
162317,9275-2125             
162315,9275-2112             
162293,9275-1180             
162285,9275-1112             
162284,9275-1100             
162283,9275-1090             
162257,9275-0125             
162255,9275-0112             
160836,QD5D40.0              
160492,QD4A6.6/B7.0          
160433,7831-2064             
160409,QD1A9.0/B9.4          
159907,QD6/8V16.00           
159220,8820-1222             
158968,7847-2102             
158897,7858-2528             
158875,1210 25MM             
158874,7858-0524             
158864,1108 19MM             
158858,1008 19MM             
158846,7869-0324             
158715,7859-6204             
158711,7859-6200             
158705,7859-6110             
158703,7859-6108             
158451,7858-6212             
158414,7858-5300             
158410,7858-5212             
158402,7858-5204             
158368,7858-3110             
158350,2012 2.1/8            
158340,7858-2607             
158252,1108.3/4              
157860,7838-2101             
157859,7838-2100             
