id,catalog_number,                 

















































































































































































































































































































































































































































































































































































































































































































































































































































































































































































































































































































































































































































































































































































































































































































































































































































































































































































































































































































































































































































































































































































































































































































































































































































































































































































































































































































































































































































































































































































































































































































































































































































































































































































































































































































































































































































































































































































































































































































































































































































































































































































































































































































































































































































































































































































































































































































































































































































































































































































































































































































































































































































































































































































































































































































































































































































































































































































































































































































































































































































































































































































































































































































































































































































































































































































































































































































































































































































































































































































































































































































































































































































































































































































































































































































































































































































































































































































































































































































































































































































































































































































































































































































































































































































































































































































































































































































































































































































































































































































































































































































































































2278103,YSS16F32X7/8               
2278102,YSS16F32X5/8               
2278101,YSS16F32X3/4               
2278100,YSS16F32X1                 
2278099,YSS16F30X7/8               
2278098,YSS16F30X5/8               
2278097,YSS16F30X3/4               
2278096,YSS16F28X5/8               
2278095,YSS16F28X3/4               
2278094,YSS16F24X5/8               
2278093,YSS16F24X3/4               
2278092,YSS16F24X1/2               
2278091,YSS16F20X5/8               
2278090,YSS16F20X1/2               
2278089,YSS16F18X1/2               
2278088,YSS16F16X1/2               
2278087,YSS16F15X3/8               
2278086,YSS16F15X1/2               
2278085,YSS16F14X3/8               
2278084,YSS16F12X5/16              
2278083,YSS1260                    
2278082,YSS1254                    
2278081,YSS1248                    
2278080,YSS1242                    
2278079,YSS1236                    
2278078,YSS1230                    
2278077,YSS1228                    
2278076,YSS1224                    
2278075,YSS1221                    
2278074,YSS1220                    
2278073,YSS1218                    
2278072,YSS1216                    
2278071,YSS1215                    
2278070,YSS1214                    
2278069,YSS1213                    
2278068,YSS1212                    
2278067,YSS1060                    
2278066,YSS1055                    
2278065,YSS1050                    
2278064,YSS1048                    
2278063,YSS1045                    
2278062,YSS1040                    
2278061,YSS1035                    
2278060,YSS1030                    
2278059,YSS1028                    
2278058,YSS1025                    
2278057,YSS1024                    
2278056,YSS1020                    
2278055,YSS1018                    
2278054,YSS1016                    
2278053,YSS1015                    
2278052,YSS1014                    
2278051,YSS1012                    
2278050,YSM8F32HX1                 
2278049,YSM8F28X 1 3/16            
2278048,YSM8F28X 1 1/4             
2278047,YSM8F28HX1                 
2278046,YSM8F28HX 1 3/16           
2278045,YSM8F28HX 1 1/4            
2278044,YSM8F24X1                  
2278043,YSM8F24X 1 1/4             
2278042,YSM8F24HX3/4               
2278041,YSM8F24HX1                 
2278040,YSM8F24HX 1 1/4            
2278039,YSM8B32X7/8                
2278038,YSM8B32                    
2278036,YSM8B24X1                  
2278035,YSM8B24X 1 1/4             
2278034,YSM8B24                    
2278033,YSM6F24X 1 1/2             
2278032,YSM6F24HX 1 1/4            
2278031,YSM6F24HX 1 1/2            
2278030,YSM6B27                    
2278029,YSM6B24X1                  
2278028,YSM6B24X 1 1/2             
2278027,YSM6B24                    
2278026,YSM5F25X 1 3/4             
2278025,YSM5F25X 1 1/2             
2278024,YSM5F25HX 1 3/8            
2278023,YSM5F25HX 1 3/4            
2278022,YSM5B25                    
2278021,YSM4F24X 1 3/4             
2278020,YSM4F24HX 1 3/4            
2278019,YSM4B28                    
2278018,YSM4B24                    
2278017,YSM32B24                   
2278016,YSM32B16                   
2278015,YSM24B24                   
2278014,YSM24B18                   
2278013,YSM20B25                   
2278012,YSM20B20                   
2278011,YSM20B18                   
2278010,YSM20B12                   
2278009,YSM16F16HX3/8              
2278008,YSM16B24                   
2278007,YSM16B20                   
2278006,YSM16B16                   
2278005,YSM16B12                   
2278004,YSM14B14                   
2278003,YSM12F30HX5/8              
2278002,YSM12F21X5/8               
2278001,YSM12F21X3/4               
2278000,YSM12F21HX5/8              
2277999,YSM12F18X5/8               
2277998,YSM12F18HX5/8              
2277997,YSM12F15X1/2               
2277996,YSM12F15HX1/2              
2277995,YSM12B30                   
2277994,YSM12B24                   
2277993,YSM12B21X5/8               
2277992,YSM12B21X3/4               
2277991,YSM12B21                   
2277990,YSM12B18X5/8               
2277989,YSM12B18                   
2276364,AK99X3/4                   
2276363,AK99X1                     
2276360,AK94X3/4                   
2276353,AK89X3/4                   
2276338,AK74X5/8                   
2276335,AK74X1/2                   
2276316,AK64X5/8                   
2276312,AK64X1                     
2276310,AK64X 1 1/8                
2276305,AK61X15/16                 
2276303,AK61X1                     
2276302,AK61X 1 3/16               
2276299,AK59X5/8                   
2276298,AK59X3/4                   
2276293,AK59X 1 1/8                
2276291,AK56X5/8                   
2276290,AK56X3/4                   
2276286,AK56X 1 3/16               
2276285,AK56X 1 1/8                
2276284,AK54X7/8                   
2276280,AK54X15/16                 
2276273,AK51X3/4                   
2276270,AK51X 1 1/8                
2276267,AK49X3/4                   
2276266,AK49X15/16                 
2276248,AK41X7/8                   
2276243,AK41X1                     
2276238,AK39X1/2                   
2276234,AK34X3/4                   
2276232,AK32X7/8                   
2272654,JA 13/16                   
2272653,JA 11/16                   
